N_CTX,Triton [FP16],torch [MemEff]
1024.000000,70.993359,33.965107
2048.000000,71.982907,34.756570
4096.000000,73.562949,35.280163
8192.000000,74.130377,35.371651
16384.000000,74.614589,35.483048
