N_CTX,Triton [FP16],torch [MemEff]
1024.000000,59.714162,31.088299
2048.000000,66.736841,32.894810
4096.000000,71.110807,34.398136
8192.000000,73.120659,34.914184
16384.000000,75.113106,35.532644
