N_CTX,Triton [FP16],torch [MemEff]
1024.000000,26.120759,17.373232
2048.000000,33.205095,20.092932
4096.000000,38.219886,21.875953
8192.000000,41.163823,22.581511
16384.000000,42.335639,22.308498
